company,title,season,season_inferred,category,location,salary,stipend,estimated_stipend,estimated_ctc,pay_source,skills,posted_at,first_seen_at,url
HackerRank,Software Development Engineer Intern,Summer 2027,False,Software,Onsite in Bangalore,,,,,,,2026-10-01T05:54:08-04:00,2026-10-01T15:06:44Z,https://job-boards.greenhouse.io/hackerrank/jobs/8229735
AbhiBus,AI-Native Full Stack Developer Intern,Summer 2027,True,Data & ML/AI,"Hyderabad, TS, India",,,,,,TypeScript; JavaScript; React; Node.js; AWS; GCP; Azure; Git,2026-10-01T10:02:02.988Z,2026-10-01T15:06:44Z,https://jobs.smartrecruiters.com/abhibus/744000152892832
Marvell,"Intern, Software QA Engineer",Summer 2027,True,Software,Bangalore,,,,,,Python,2026-10-01T00:00:00Z,2026-10-01T15:06:44Z,https://marvell.wd1.myworkdayjobs.com/MarvellCareers2/job/Bangalore/Intern--Software-QA-Engineer_2604244
Deutsche Bank,Apprentice Hiring for 2026- 2027,Summer 2027,False,Other,"Mumbai, Hazarimal Somani Marg",,,,,,,2026-09-30T00:00:00Z,2026-10-03T21:00:48Z,https://db.wd3.myworkdayjobs.com/DBWebsite/job/Mumbai-Hazarimal-Somani-Marg/Apprentice-Hiring-for-2026--2027_R0445347
Marvell,AI Intern,Summer 2027,True,Data & ML/AI,Bangalore,,,,,,,2026-09-30T00:00:00Z,2026-09-30T16:43:51Z,https://marvell.wd1.myworkdayjobs.com/MarvellCareers2/job/Bangalore/AI-Intern_2604445
Marvell,Software QA Automation Intern,Summer 2027,True,Software,Hyderabad,,,,,,Python,2026-09-30T00:00:00Z,2026-09-30T16:43:51Z,https://marvell.wd1.myworkdayjobs.com/MarvellCareers2/job/Hyderabad/Intern--Software-QA-Engineer_2604247
Wabtec,Technician Apprentice,Summer 2027,True,Other,"Marhowra, BR, India",,,,,,,2026-09-29T05:40:59.173Z,2026-10-03T21:00:48Z,https://jobs.smartrecruiters.com/Wabtec/3743990015755665
GE Aerospace,Data Science -Intern,Summer 2027,True,Data & ML/AI,Bengaluru,,,,,,Python; LLMs,2026-09-28T00:00:00Z,2026-09-28T14:57:19Z,https://geaerospace.wd5.myworkdayjobs.com/ge_externalsite/job/Bengaluru/Data-Science--Intern_R5040692-1
Altera Corporation,AI Automation Intern,Summer 2027,True,Data & ML/AI,"Bengaluru, Karnataka, India",,,,,,Python; JavaScript; SQL; LLMs; Git,2026-09-18T00:00:00Z,2026-09-18T22:19:07Z,https://altera.wd1.myworkdayjobs.com/altera/job/Bengaluru-Karnataka-India/AI-Automation-Intern_R03117
Thoughtworks,Developer (Vapasi) - Intern,Summer 2027,True,Software,"Bangalore, India",,,,,,Java; React,2026-09-17T03:51:28-04:00,2026-09-17T12:38:53Z,https://www.thoughtworks.com/careers/jobs/8210384?gh_jid=8210384
Itron,Apprentice,Summer 2027,True,Other,"India, Bangalore",,,,,,,2026-09-16T00:00:00Z,2026-10-03T21:00:48Z,https://itron.wd5.myworkdayjobs.com/Early_Careers/job/India-Bangalore/Apprentice_JR102702-2
Cushman & Wakefield,Apprentice,Summer 2027,True,Other,"Bengaluru, India",,,,,,,2026-09-14T00:00:00Z,2026-10-03T21:00:48Z,https://cw.wd1.myworkdayjobs.com/external/job/Bengaluru-India/Apprentice_R323129
Deutsche Bank,HR Apprentice,Summer 2027,True,Other,"Bangalore, Velankani Tech Park",,,,,,,2026-09-10T00:00:00Z,2026-10-03T21:00:48Z,https://db.wd3.myworkdayjobs.com/DBWebsite/job/Bangalore-Velankani-Tech-Park/HR-Apprentice_R0441934
Deutsche Bank,"Apprentice Role for Non-Technology hiring, NCT",Summer 2027,True,Other,Pune - Business Bay,,,,,,,2026-09-07T00:00:00Z,2026-10-03T21:00:48Z,https://db.wd3.myworkdayjobs.com/DBWebsite/job/Pune---Business-Bay/Apprentice-Role-for-Non-Technology-hiring--NCT_R0449404
Cushman & Wakefield,EIC Apprentice - Valuations and Advisory_Ahmedabad,Summer 2027,True,Other,"CW Site - IND - Ahmedabad - B Wings, 601 Mondeal Heights Nr Novotel Hotel, S G Highway",,,,,,,2026-09-04T00:00:00Z,2026-10-03T21:00:48Z,https://cw.wd1.myworkdayjobs.com/external/job/CW-Site---IND---Ahmedabad---B-Wings-601-Mondeal-Heights-Nr-Novotel-Hotel-S-G-Highway/EIC-Apprentice---Valuations-and-Advisory-Ahmedabad_R331135
Cushman & Wakefield,EIC Apprentice,Summer 2027,True,Other,"Hyderabad, India",,,,,,,2026-09-04T00:00:00Z,2026-10-03T21:00:48Z,https://cw.wd1.myworkdayjobs.com/external/job/Hyderabad-India/EIC-Apprentice_R-INDINT-010
Cushman & Wakefield,EIC Apprentice- Project & Development Services,Summer 2027,True,Other,"Chennai, India",,,,,,,2026-09-03T00:00:00Z,2026-10-03T21:00:48Z,https://cw.wd1.myworkdayjobs.com/external/job/Chennai-India/EIC-Apprentice--Project---Development-Services_R335332
Medtronic,Co-op/Apprentice (Non-Tech),Summer 2027,True,Other,"Bangalore , Karnataka, India",,,,,,,2026-07-22T00:00:00Z,2026-10-03T21:00:48Z,https://medtronic.wd1.myworkdayjobs.com/redeploymentmedtroniccareers/job/Bangalore--Karnataka-India/Co-op-Apprentice--Non-Tech-_R66904
Member Solutions,Cybersecurity GRC Intern,Summer 2027,True,Other,India (Jonas Collections and Recovery Inc),,,,,,Python; Java; SQL; LLMs; Angular; AWS; GCP; Azure,2025-12-22T00:00:00Z,2026-07-26T22:23:07Z,https://talentmanagementsolution.wd3.myworkdayjobs.com/JonasSoftwareUSA/job/India-Jonas-Collections-and-Recovery-Inc/Cybersecurity-GRC-Intern_R47560
Valeo,Intern - AI,Summer 2027,True,Data & ML/AI,Chennai,,,,,,,2025-08-06T00:00:00Z,2026-07-26T22:23:07Z,https://valeo.wd3.myworkdayjobs.com/valeo_jobs/job/Chennai/Intern---AI_REQ2025061319
